Date acquired,Quantity,Cost basis,Cost basis/share,Value,Gain/loss,Sale availability date,Transfer availability date,Grant date,Share source,Holding period
Sep-30-2026,0.5000,230.81,461.61,256.40,25.59,-,-,Jul-01-2026,SP,Short
Aug-17-2026,5.0000,2401.75,480.35,2564.00,162.25,-,-,-,DO,Short
Jun-30-2026,0.5000,167.86,335.72,256.40,88.54,-,-,Apr-01-2026,SP,Short
May-15-2026,5.0000,2109.60,421.92,2564.00,454.40,-,-,-,DO,Short
Mar-31-2026,0.5000,166.57,333.15,256.40,89.83,-,-,Jan-02-2026,SP,Short
Feb-17-2026,5.0000,1984.30,396.86,2564.00,579.70,-,-,-,DO,Short
Dec-31-2025,0.5000,217.63,435.26,256.40,38.77,-,-,Oct-01-2025,SP,Short
Nov-17-2025,5.0000,2537.45,507.49,2564.00,26.55,-,-,-,DO,Short
Sep-30-2025,0.5000,233.08,466.16,256.40,23.32,-,-,Jul-01-2025,SP,Long
Aug-15-2025,5.0000,2600.85,520.17,2564.00,-36.85,-,-,-,DO,Long
Jun-30-2025,0.5000,223.84,447.67,256.40,32.56,-,-,Apr-01-2025,SP,Long
May-15-2025,5.0000,2265.65,453.13,2564.00,298.35,-,-,-,DO,Long
Mar-31-2025,0.5000,168.93,337.85,256.40,87.47,-,-,Jan-02-2025,SP,Long
Feb-18-2025,5.0000,2048.20,409.64,2564.00,515.80,-,-,-,DO,Long
Dec-31-2024,0.5000,189.68,379.35,256.40,66.72,-,-,Oct-01-2024,SP,Long
Nov-15-2024,5.0000,2075.00,415.00,2564.00,489.00,-,-,-,DO,Long
,
The values are displayed in USD
